dataset,metric,grpo_mean,baseline_mean,diff_grpo_minus_baseline,n_grpo,n_baseline,n_grpo_nonnull,n_baseline_nonnull
blood_transfusion,reward,0.222486,0.413359,-0.190873,36,4,35,4
blood_transfusion,implementation_score,0.137146,0.269531,-0.132385,36,4,35,4
blood_transfusion,data_score,0.257107,0.4875,-0.230393,36,4,35,4
blood_transfusion,validation_credit,0.481667,0.6625,-0.180833,36,4,35,4
blood_transfusion,abstention_bonus,0.008571,0.0,0.008571,36,4,35,4
blood_transfusion,action_cost_penalty,0.082,0.0675,0.0145,36,4,35,4
blood_transfusion,n_actions,8.2,6.75,1.45,36,4,35,4
blood_transfusion,retrieval_bm25_score,31.425336,24.009605,7.415731,36,4,35,4
blood_transfusion,retrieval_rrf_score,0.015366,0.015492,-0.000126,36,4,35,4
blood_transfusion,retrieval_best_intent_rank,5.21985,4.7,0.51985,36,4,35,4
blood_transfusion,category_entropy,2.55208,3.385757,-0.833677,36,4,35,4
blood_transfusion,distinct_category_count,7.290476,11.5,-4.209524,36,4,35,4
blood_transfusion,evidence_depth_full_text_frac,1.0,1.0,0.0,36,4,35,4
blood_transfusion,n_observations,748.0,748.0,0.0,36,4,22,3
blood_transfusion,cv_metric,0.529412,0.0,0.529412,36,4,17,3
blood_transfusion,bootstrap_sign_stability,0.505583,0.666667,-0.161084,36,4,17,3
blood_transfusion,paper_diagnostic_coverage,1.0,1.0,0.0,36,4,1,3
blood_transfusion,condition_number,,1.0,,36,4,0,1
blood_transfusion,rubric_score,0.150003,0.359375,-0.209372,36,4,32,3
blood_transfusion,implementation_coverage_score,0.703385,1.0,-0.296615,36,4,32,3
blood_transfusion,assumption_check_recall,0.307292,0.333333,-0.026041,36,4,32,3
blood_transfusion,output_contract_recall,0.03125,0.0,0.03125,36,4,32,3
blood_transfusion,validation_coverage_score,0.769792,0.883333,-0.113541,36,4,32,3
blood_transfusion,emittable,0.0,0.0,0.0,36,4,36,4
blood_transfusion,emitted,0.0,0.0,0.0,36,4,36,4
blood_transfusion,gate_score_hypothesis,1.0,1.0,0.0,36,4,32,3
blood_transfusion,gate_score_estimand,1.0,1.0,0.0,36,4,32,3
blood_transfusion,gate_score_data_applicability,0.6875,1.0,-0.3125,36,4,32,3
blood_transfusion,gate_score_multiplicity,1.0,1.0,0.0,36,4,32,3
blood_transfusion,gate_score_execution,0.9375,1.0,-0.0625,36,4,32,3
blood_transfusion,gate_score_paper_fidelity,0.375,0.833333,-0.458333,36,4,32,3
blood_transfusion,gate_score_assumption_admissibility,0.0,0.0,0.0,36,4,32,3
blood_transfusion,gate_score_robustness,0.697917,1.0,-0.302083,36,4,32,3
blood_transfusion,gate_score_data_method_structural_fit,1.0,1.0,0.0,36,4,32,3
blood_transfusion,gate_score_internal_coherence,1.0,1.0,0.0,36,4,32,3
blood_transfusion,n_assumptions_declared,2.5,2.0,0.5,36,4,32,3
blood_transfusion,assumption_all_held_frac,0.1875,0.0,0.1875,36,4,32,3
blood_transfusion,assumption_zero_held_frac,0.5625,0.333333,0.229167,36,4,32,3
blood_transfusion,n_output_contract_items_declared,5.5625,2.666667,2.895833,36,4,32,3
blood_transfusion,output_contract_all_held_frac,0.03125,0.0,0.03125,36,4,32,3
blood_transfusion,output_contract_zero_held_frac,0.96875,1.0,-0.03125,36,4,32,3
bodyfat_vanderbilt,reward,0.208792,0.112474,0.096318,36,4,36,4
bodyfat_vanderbilt,implementation_score,0.122783,0.058594,0.064189,36,4,36,4
bodyfat_vanderbilt,data_score,0.194112,0.1375,0.056612,36,4,36,4
bodyfat_vanderbilt,validation_credit,0.524768,0.322916,0.201852,36,4,36,4
bodyfat_vanderbilt,abstention_bonus,0.0125,0.0,0.0125,36,4,36,4
bodyfat_vanderbilt,action_cost_penalty,0.078889,0.0775,0.001389,36,4,36,4
bodyfat_vanderbilt,n_actions,7.888889,7.75,0.138889,36,4,36,4
bodyfat_vanderbilt,retrieval_bm25_score,42.476449,27.407806,15.068643,36,4,36,4
bodyfat_vanderbilt,retrieval_rrf_score,0.015371,0.015423,-5.2e-05,36,4,36,4
bodyfat_vanderbilt,retrieval_best_intent_rank,5.212681,5.0,0.212681,36,4,36,4
bodyfat_vanderbilt,category_entropy,2.546906,3.157869,-0.610963,36,4,36,4
bodyfat_vanderbilt,distinct_category_count,7.319444,10.25,-2.930556,36,4,36,4
bodyfat_vanderbilt,evidence_depth_full_text_frac,0.994444,1.0,-0.005556,36,4,36,4
bodyfat_vanderbilt,n_observations,242.761905,252.0,-9.238095,36,4,21,1
bodyfat_vanderbilt,cv_metric,0.323063,0.0,0.323063,36,4,20,1
bodyfat_vanderbilt,bootstrap_sign_stability,0.30482,0.0,0.30482,36,4,20,1
bodyfat_vanderbilt,paper_diagnostic_coverage,1.0,1.0,0.0,36,4,2,1
bodyfat_vanderbilt,condition_number,,,,36,4,0,0
bodyfat_vanderbilt,rubric_score,0.122783,0.058594,0.064189,36,4,36,4
bodyfat_vanderbilt,implementation_coverage_score,0.609075,0.590909,0.018166,36,4,36,4
bodyfat_vanderbilt,assumption_check_recall,0.266204,0.3125,-0.046296,36,4,36,4
bodyfat_vanderbilt,output_contract_recall,0.027778,0.0,0.027778,36,4,36,4
bodyfat_vanderbilt,validation_coverage_score,0.743333,0.685416,0.057917,36,4,35,4
bodyfat_vanderbilt,emittable,0.0,0.0,0.0,36,4,36,4
bodyfat_vanderbilt,emitted,0.0,0.0,0.0,36,4,36,4
bodyfat_vanderbilt,gate_score_hypothesis,1.0,1.0,0.0,36,4,35,4
bodyfat_vanderbilt,gate_score_estimand,1.0,1.0,0.0,36,4,35,4
bodyfat_vanderbilt,gate_score_data_applicability,0.6,0.25,0.35,36,4,35,4
bodyfat_vanderbilt,gate_score_multiplicity,1.0,1.0,0.0,36,4,35,4
bodyfat_vanderbilt,gate_score_execution,0.828571,0.75,0.078571,36,4,35,4
bodyfat_vanderbilt,gate_score_paper_fidelity,0.385714,0.1875,0.198214,36,4,35,4
bodyfat_vanderbilt,gate_score_assumption_admissibility,0.0,0.0,0.0,36,4,35,4
bodyfat_vanderbilt,gate_score_robustness,0.619048,0.666667,-0.047619,36,4,35,4
bodyfat_vanderbilt,gate_score_data_method_structural_fit,1.0,1.0,0.0,36,4,35,4
bodyfat_vanderbilt,gate_score_internal_coherence,1.0,1.0,0.0,36,4,35,4
bodyfat_vanderbilt,n_assumptions_declared,2.5,3.5,-1.0,36,4,36,4
bodyfat_vanderbilt,assumption_all_held_frac,0.166667,0.0,0.166667,36,4,36,4
bodyfat_vanderbilt,assumption_zero_held_frac,0.611111,0.5,0.111111,36,4,36,4
bodyfat_vanderbilt,n_output_contract_items_declared,4.333333,5.75,-1.416667,36,4,36,4
bodyfat_vanderbilt,output_contract_all_held_frac,0.027778,0.0,0.027778,36,4,36,4
bodyfat_vanderbilt,output_contract_zero_held_frac,0.972222,1.0,-0.027778,36,4,36,4
bone_mineral_density,reward,0.1544,0.017027,0.137373,36,4,35,4
bone_mineral_density,implementation_score,0.093702,0.104055,-0.010353,36,4,35,4
bone_mineral_density,data_score,0.137284,0.0,0.137284,36,4,35,4
bone_mineral_density,validation_credit,0.437381,0.1,0.337381,36,4,35,4
bone_mineral_density,abstention_bonus,0.005714,0.0,0.005714,36,4,35,4
bone_mineral_density,action_cost_penalty,0.076,0.065,0.011,36,4,35,4
bone_mineral_density,n_actions,7.6,6.5,1.1,36,4,35,4
bone_mineral_density,retrieval_bm25_score,37.885237,31.890735,5.994502,36,4,36,4
bone_mineral_density,retrieval_rrf_score,0.015415,0.015696,-0.000281,36,4,36,4
bone_mineral_density,retrieval_best_intent_rank,5.015278,3.8,1.215278,36,4,36,4
bone_mineral_density,category_entropy,2.400626,2.120723,0.279903,36,4,36,4
bone_mineral_density,distinct_category_count,6.606481,5.5,1.106481,36,4,36,4
bone_mineral_density,evidence_depth_full_text_frac,1.0,1.0,0.0,36,4,36,4
bone_mineral_density,n_observations,169.0,169.0,0.0,36,4,15,2
bone_mineral_density,cv_metric,0.090295,,,36,4,15,0
bone_mineral_density,bootstrap_sign_stability,0.468097,,,36,4,15,0
bone_mineral_density,paper_diagnostic_coverage,1.0,,,36,4,4,0
bone_mineral_density,condition_number,,,,36,4,0,0
bone_mineral_density,rubric_score,0.102487,0.20811,-0.105623,36,4,32,2
bone_mineral_density,implementation_coverage_score,0.515625,0.845238,-0.329613,36,4,32,2
bone_mineral_density,assumption_check_recall,0.223958,0.833333,-0.609375,36,4,32,2
bone_mineral_density,output_contract_recall,0.0,0.0,0.0,36,4,32,2
bone_mineral_density,validation_coverage_score,0.714323,0.8,-0.085677,36,4,32,2
bone_mineral_density,emittable,0.0,0.0,0.0,36,4,36,4
bone_mineral_density,emitted,0.0,0.0,0.0,36,4,36,4
bone_mineral_density,gate_score_hypothesis,1.0,1.0,0.0,36,4,32,2
bone_mineral_density,gate_score_estimand,1.0,1.0,0.0,36,4,32,2
bone_mineral_density,gate_score_data_applicability,0.46875,1.0,-0.53125,36,4,32,2
bone_mineral_density,gate_score_multiplicity,1.0,1.0,0.0,36,4,32,2
bone_mineral_density,gate_score_execution,0.6875,1.0,-0.3125,36,4,32,2
bone_mineral_density,gate_score_paper_fidelity,0.320312,0.0,0.320312,36,4,32,2
bone_mineral_density,gate_score_assumption_admissibility,0.0,0.0,0.0,36,4,32,2
bone_mineral_density,gate_score_robustness,0.666667,1.0,-0.333333,36,4,32,2
bone_mineral_density,gate_score_data_method_structural_fit,1.0,1.0,0.0,36,4,32,2
bone_mineral_density,gate_score_internal_coherence,1.0,1.0,0.0,36,4,32,2
bone_mineral_density,n_assumptions_declared,2.46875,3.0,-0.53125,36,4,32,2
bone_mineral_density,assumption_all_held_frac,0.09375,0.5,-0.40625,36,4,32,2
bone_mineral_density,assumption_zero_held_frac,0.6875,0.0,0.6875,36,4,32,2
bone_mineral_density,n_output_contract_items_declared,6.3125,5.0,1.3125,36,4,32,2
bone_mineral_density,output_contract_all_held_frac,0.0,0.0,0.0,36,4,32,2
bone_mineral_density,output_contract_zero_held_frac,1.0,1.0,0.0,36,4,32,2
breast_cancer_wisconsin,reward,0.142587,0.145963,-0.003376,36,4,36,4
breast_cancer_wisconsin,implementation_score,0.094323,0.049844,0.044479,36,4,36,4
breast_cancer_wisconsin,data_score,0.105572,0.211967,-0.106395,36,4,36,4
breast_cancer_wisconsin,validation_credit,0.441204,0.279166,0.162038,36,4,36,4
breast_cancer_wisconsin,abstention_bonus,0.011111,0.0,0.011111,36,4,36,4
breast_cancer_wisconsin,action_cost_penalty,0.0775,0.0675,0.01,36,4,36,4
breast_cancer_wisconsin,n_actions,7.75,6.75,1.0,36,4,36,4
breast_cancer_wisconsin,retrieval_bm25_score,34.101297,25.313319,8.787978,36,4,36,4
breast_cancer_wisconsin,retrieval_rrf_score,0.015573,0.015718,-0.000145,36,4,36,4
breast_cancer_wisconsin,retrieval_best_intent_rank,4.333862,3.7,0.633862,36,4,36,4
breast_cancer_wisconsin,category_entropy,2.24502,2.793997,-0.548977,36,4,36,4
breast_cancer_wisconsin,distinct_category_count,6.041667,8.25,-2.208333,36,4,36,4
breast_cancer_wisconsin,evidence_depth_full_text_frac,0.994444,1.0,-0.005556,36,4,36,4
breast_cancer_wisconsin,n_observations,699.0,699.0,0.0,36,4,15,1
breast_cancer_wisconsin,cv_metric,0.171557,0.820746,-0.649189,36,4,15,1
breast_cancer_wisconsin,bootstrap_sign_stability,0.330043,0.929236,-0.599193,36,4,15,1
breast_cancer_wisconsin,paper_diagnostic_coverage,1.0,,,36,4,2,0
breast_cancer_wisconsin,condition_number,,,,36,4,0,0
breast_cancer_wisconsin,rubric_score,0.094323,0.066458,0.027865,36,4,36,3
breast_cancer_wisconsin,implementation_coverage_score,0.547222,0.283333,0.263889,36,4,36,3
breast_cancer_wisconsin,assumption_check_recall,0.268519,0.0,0.268519,36,4,36,3
breast_cancer_wisconsin,output_contract_recall,0.027778,0.0,0.027778,36,4,36,3
breast_cancer_wisconsin,validation_coverage_score,0.696759,0.638889,0.05787,36,4,36,3
breast_cancer_wisconsin,emittable,0.0,0.0,0.0,36,4,36,4
breast_cancer_wisconsin,emitted,0.0,0.0,0.0,36,4,36,4
breast_cancer_wisconsin,gate_score_hypothesis,1.0,1.0,0.0,36,4,36,3
breast_cancer_wisconsin,gate_score_estimand,1.0,1.0,0.0,36,4,36,3
breast_cancer_wisconsin,gate_score_data_applicability,0.416667,0.333333,0.083334,36,4,36,3
breast_cancer_wisconsin,gate_score_multiplicity,1.0,1.0,0.0,36,4,36,3
breast_cancer_wisconsin,gate_score_execution,0.611111,0.333333,0.277778,36,4,36,3
breast_cancer_wisconsin,gate_score_paper_fidelity,0.319444,0.166667,0.152777,36,4,36,3
breast_cancer_wisconsin,gate_score_assumption_admissibility,0.0,0.0,0.0,36,4,36,3
breast_cancer_wisconsin,gate_score_robustness,0.62037,0.555555,0.064815,36,4,36,3
breast_cancer_wisconsin,gate_score_data_method_structural_fit,1.0,1.0,0.0,36,4,36,3
breast_cancer_wisconsin,gate_score_internal_coherence,1.0,1.0,0.0,36,4,36,3
breast_cancer_wisconsin,n_assumptions_declared,2.055556,2.333333,-0.277777,36,4,36,3
breast_cancer_wisconsin,assumption_all_held_frac,0.25,0.0,0.25,36,4,36,3
breast_cancer_wisconsin,assumption_zero_held_frac,0.722222,1.0,-0.277778,36,4,36,3
breast_cancer_wisconsin,n_output_contract_items_declared,3.416667,4.333333,-0.916666,36,4,36,3
breast_cancer_wisconsin,output_contract_all_held_frac,0.027778,0.0,0.027778,36,4,36,3
breast_cancer_wisconsin,output_contract_zero_held_frac,0.972222,1.0,-0.027778,36,4,36,3
buchwald_hartwig_coupling,reward,0.149511,0.067294,0.082217,36,4,35,4
buchwald_hartwig_coupling,implementation_score,0.10838,0.055469,0.052911,36,4,35,4
buchwald_hartwig_coupling,data_score,0.124105,0.002147,0.121958,36,4,35,4
buchwald_hartwig_coupling,validation_credit,0.420759,0.295833,0.124926,36,4,35,4
buchwald_hartwig_coupling,abstention_bonus,0.01,0.0125,-0.0025,36,4,35,4
buchwald_hartwig_coupling,action_cost_penalty,0.072571,0.0675,0.005071,36,4,35,4
buchwald_hartwig_coupling,n_actions,7.257143,6.75,0.507143,36,4,35,4
buchwald_hartwig_coupling,retrieval_bm25_score,38.681925,30.122291,8.559634,36,4,36,4
buchwald_hartwig_coupling,retrieval_rrf_score,0.015494,0.015459,3.5e-05,36,4,36,4
buchwald_hartwig_coupling,retrieval_best_intent_rank,4.694841,4.85,-0.155159,36,4,36,4
buchwald_hartwig_coupling,category_entropy,2.724113,2.00699,0.717123,36,4,36,4
buchwald_hartwig_coupling,distinct_category_count,7.791667,5.0,2.791667,36,4,36,4
buchwald_hartwig_coupling,evidence_depth_full_text_frac,1.0,1.0,0.0,36,4,36,4
buchwald_hartwig_coupling,n_observations,4302.0,4312.0,-10.0,36,4,18,1
buchwald_hartwig_coupling,cv_metric,0.142874,0.0,0.142874,36,4,14,1
buchwald_hartwig_coupling,bootstrap_sign_stability,0.30684,0.034356,0.272484,36,4,14,1
buchwald_hartwig_coupling,paper_diagnostic_coverage,0.9,,,36,4,5,0
buchwald_hartwig_coupling,condition_number,,,,36,4,0,0
buchwald_hartwig_coupling,rubric_score,0.11854,0.073958,0.044582,36,4,32,3
buchwald_hartwig_coupling,implementation_coverage_score,0.551689,0.666667,-0.114978,36,4,32,3
buchwald_hartwig_coupling,assumption_check_recall,0.307292,0.111111,0.196181,36,4,32,3
buchwald_hartwig_coupling,output_contract_recall,0.03125,0.0,0.03125,36,4,32,3
buchwald_hartwig_coupling,validation_coverage_score,0.735987,0.702778,0.033209,36,4,32,3
buchwald_hartwig_coupling,emittable,0.027778,0.0,0.027778,36,4,36,4
buchwald_hartwig_coupling,emitted,0.0,0.0,0.0,36,4,36,4
buchwald_hartwig_coupling,gate_score_hypothesis,1.0,1.0,0.0,36,4,32,3
buchwald_hartwig_coupling,gate_score_estimand,1.0,1.0,0.0,36,4,32,3
buchwald_hartwig_coupling,gate_score_data_applicability,0.5625,0.333333,0.229167,36,4,32,3
buchwald_hartwig_coupling,gate_score_multiplicity,1.0,1.0,0.0,36,4,32,3
buchwald_hartwig_coupling,gate_score_execution,0.75,0.666667,0.083333,36,4,32,3
buchwald_hartwig_coupling,gate_score_paper_fidelity,0.307783,0.25,0.057783,36,4,32,3
buchwald_hartwig_coupling,gate_score_assumption_admissibility,0.03125,0.0,0.03125,36,4,32,3
buchwald_hartwig_coupling,gate_score_robustness,0.708333,0.777778,-0.069445,36,4,32,3
buchwald_hartwig_coupling,gate_score_data_method_structural_fit,1.0,1.0,0.0,36,4,32,3
buchwald_hartwig_coupling,gate_score_internal_coherence,1.0,1.0,0.0,36,4,32,3
buchwald_hartwig_coupling,n_assumptions_declared,2.4375,2.333333,0.104167,36,4,32,3
buchwald_hartwig_coupling,assumption_all_held_frac,0.21875,0.0,0.21875,36,4,32,3
buchwald_hartwig_coupling,assumption_zero_held_frac,0.625,0.666667,-0.041667,36,4,32,3
buchwald_hartwig_coupling,n_output_contract_items_declared,4.28125,3.666667,0.614583,36,4,32,3
buchwald_hartwig_coupling,output_contract_all_held_frac,0.03125,0.0,0.03125,36,4,32,3
buchwald_hartwig_coupling,output_contract_zero_held_frac,0.96875,1.0,-0.03125,36,4,32,3
catechol_flow_chemistry,reward,0.246667,0.123268,0.123399,36,4,36,4
catechol_flow_chemistry,implementation_score,0.117269,0.101406,0.015863,36,4,36,4
catechol_flow_chemistry,data_score,0.295485,0.172123,0.123362,36,4,36,4
catechol_flow_chemistry,validation_credit,0.524306,0.308333,0.215973,36,4,36,4
catechol_flow_chemistry,abstention_bonus,0.004167,0.0,0.004167,36,4,36,4
catechol_flow_chemistry,action_cost_penalty,0.075556,0.0975,-0.021944,36,4,36,4
catechol_flow_chemistry,n_actions,7.555556,9.75,-2.194444,36,4,36,4
catechol_flow_chemistry,retrieval_bm25_score,40.868466,27.829505,13.038961,36,4,36,4
catechol_flow_chemistry,retrieval_rrf_score,0.015514,0.015262,0.000252,36,4,36,4
catechol_flow_chemistry,retrieval_best_intent_rank,4.599858,5.698718,-1.09886,36,4,36,4
catechol_flow_chemistry,category_entropy,2.51903,2.125903,0.393127,36,4,36,4
catechol_flow_chemistry,distinct_category_count,6.888889,5.875,1.013889,36,4,36,4
catechol_flow_chemistry,evidence_depth_full_text_frac,1.0,1.0,0.0,36,4,36,4
catechol_flow_chemistry,n_observations,656.0,656.0,0.0,36,4,19,2
catechol_flow_chemistry,cv_metric,0.498432,0.0,0.498432,36,4,19,1
catechol_flow_chemistry,bootstrap_sign_stability,0.702909,0.923287,-0.220378,36,4,19,1
catechol_flow_chemistry,paper_diagnostic_coverage,1.0,1.0,0.0,36,4,2,1
catechol_flow_chemistry,condition_number,,,,36,4,0,0
catechol_flow_chemistry,rubric_score,0.120619,0.135208,-0.014589,36,4,35,3
catechol_flow_chemistry,implementation_coverage_score,0.711429,0.541794,0.169635,36,4,35,3
catechol_flow_chemistry,assumption_check_recall,0.290476,0.5,-0.209524,36,4,35,3
catechol_flow_chemistry,output_contract_recall,0.0,0.0,0.0,36,4,35,3
catechol_flow_chemistry,validation_coverage_score,0.762857,0.769444,-0.006587,36,4,35,3
catechol_flow_chemistry,emittable,0.0,0.0,0.0,36,4,36,4
catechol_flow_chemistry,emitted,0.0,0.0,0.0,36,4,36,4
catechol_flow_chemistry,gate_score_hypothesis,1.0,1.0,0.0,36,4,35,3
catechol_flow_chemistry,gate_score_estimand,1.0,1.0,0.0,36,4,35,3
catechol_flow_chemistry,gate_score_data_applicability,0.571429,0.666667,-0.095238,36,4,35,3
catechol_flow_chemistry,gate_score_multiplicity,1.0,1.0,0.0,36,4,35,3
catechol_flow_chemistry,gate_score_execution,0.857143,1.0,-0.142857,36,4,35,3
catechol_flow_chemistry,gate_score_paper_fidelity,0.371429,0.25,0.121429,36,4,35,3
catechol_flow_chemistry,gate_score_assumption_admissibility,0.0,0.0,0.0,36,4,35,3
catechol_flow_chemistry,gate_score_robustness,0.828571,0.777778,0.050793,36,4,35,3
catechol_flow_chemistry,gate_score_data_method_structural_fit,1.0,1.0,0.0,36,4,35,3
catechol_flow_chemistry,gate_score_internal_coherence,1.0,1.0,0.0,36,4,35,3
catechol_flow_chemistry,n_assumptions_declared,2.257143,2.0,0.257143,36,4,35,3
catechol_flow_chemistry,assumption_all_held_frac,0.171429,0.333333,-0.161904,36,4,35,3
catechol_flow_chemistry,assumption_zero_held_frac,0.542857,0.333333,0.209524,36,4,35,3
catechol_flow_chemistry,n_output_contract_items_declared,5.742857,4.666667,1.07619,36,4,35,3
catechol_flow_chemistry,output_contract_all_held_frac,0.0,0.0,0.0,36,4,35,3
catechol_flow_chemistry,output_contract_zero_held_frac,1.0,1.0,0.0,36,4,35,3
claisen_rearrangement,reward,0.224906,0.225531,-0.000625,36,4,36,4
claisen_rearrangement,implementation_score,0.122763,0.20747,-0.084707,36,4,36,4
claisen_rearrangement,data_score,0.265354,0.207712,0.057642,36,4,36,4
claisen_rearrangement,validation_credit,0.466667,0.527083,-0.060416,36,4,36,4
claisen_rearrangement,abstention_bonus,0.008333,0.0125,-0.004167,36,4,36,4
claisen_rearrangement,action_cost_penalty,0.074167,0.07,0.004167,36,4,36,4
claisen_rearrangement,n_actions,7.416667,7.0,0.416667,36,4,36,4
claisen_rearrangement,retrieval_bm25_score,45.633301,31.744449,13.888852,36,4,36,4
claisen_rearrangement,retrieval_rrf_score,0.015463,0.015787,-0.000324,36,4,36,4
claisen_rearrangement,retrieval_best_intent_rank,4.80696,3.4,1.40696,36,4,36,4
claisen_rearrangement,category_entropy,2.513501,2.090431,0.42307,36,4,36,4
claisen_rearrangement,distinct_category_count,6.930556,5.25,1.680556,36,4,36,4
claisen_rearrangement,evidence_depth_full_text_frac,1.0,1.0,0.0,36,4,36,4
claisen_rearrangement,n_observations,283.0,283.0,0.0,36,4,21,4
claisen_rearrangement,cv_metric,0.465645,0.394168,0.071477,36,4,18,2
claisen_rearrangement,bootstrap_sign_stability,0.33852,0.479197,-0.140677,36,4,18,2
claisen_rearrangement,paper_diagnostic_coverage,1.0,,,36,4,8,0
claisen_rearrangement,condition_number,,,,36,4,0,0
claisen_rearrangement,rubric_score,0.133923,0.20747,-0.073547,36,4,33,4
claisen_rearrangement,implementation_coverage_score,0.563743,0.885119,-0.321376,36,4,33,4
claisen_rearrangement,assumption_check_recall,0.227273,0.666667,-0.439394,36,4,33,4
claisen_rearrangement,output_contract_recall,0.0,0.0,0.0,36,4,33,4
claisen_rearrangement,validation_coverage_score,0.734848,0.827083,-0.092235,36,4,33,4
claisen_rearrangement,emittable,0.0,0.0,0.0,36,4,36,4
claisen_rearrangement,emitted,0.0,0.0,0.0,36,4,36,4
claisen_rearrangement,gate_score_hypothesis,1.0,1.0,0.0,36,4,33,4
claisen_rearrangement,gate_score_estimand,1.0,1.0,0.0,36,4,33,4
claisen_rearrangement,gate_score_data_applicability,0.636364,1.0,-0.363636,36,4,33,4
claisen_rearrangement,gate_score_multiplicity,1.0,1.0,0.0,36,4,33,4
claisen_rearrangement,gate_score_execution,0.757576,1.0,-0.242424,36,4,33,4
claisen_rearrangement,gate_score_paper_fidelity,0.318182,0.4375,-0.119318,36,4,33,4
claisen_rearrangement,gate_score_assumption_admissibility,0.0,0.0,0.0,36,4,33,4
claisen_rearrangement,gate_score_robustness,0.636364,0.833333,-0.196969,36,4,33,4
claisen_rearrangement,gate_score_data_method_structural_fit,1.0,1.0,0.0,36,4,33,4
claisen_rearrangement,gate_score_internal_coherence,1.0,1.0,0.0,36,4,33,4
claisen_rearrangement,n_assumptions_declared,2.454545,3.0,-0.545455,36,4,33,4
claisen_rearrangement,assumption_all_held_frac,0.121212,0.5,-0.378788,36,4,33,4
claisen_rearrangement,assumption_zero_held_frac,0.666667,0.25,0.416667,36,4,33,4
claisen_rearrangement,n_output_contract_items_declared,5.272727,6.0,-0.727273,36,4,33,4
claisen_rearrangement,output_contract_all_held_frac,0.0,0.0,0.0,36,4,33,4
claisen_rearrangement,output_contract_zero_held_frac,1.0,1.0,0.0,36,4,33,4
fertility_diagnosis,reward,0.101389,0.17313,-0.071741,36,4,36,4
fertility_diagnosis,implementation_score,0.066128,0.107656,-0.041528,36,4,36,4
fertility_diagnosis,data_score,0.097375,0.129167,-0.031792,36,4,36,4
fertility_diagnosis,validation_credit,0.309259,0.46875,-0.159491,36,4,36,4
fertility_diagnosis,abstention_bonus,0.002778,0.0125,-0.009722,36,4,36,4
fertility_diagnosis,action_cost_penalty,0.078611,0.0675,0.011111,36,4,36,4
fertility_diagnosis,n_actions,7.861111,6.75,1.111111,36,4,36,4
fertility_diagnosis,retrieval_bm25_score,39.844712,30.281377,9.563335,36,4,36,4
fertility_diagnosis,retrieval_rrf_score,0.015416,0.015569,-0.000153,36,4,36,4
fertility_diagnosis,retrieval_best_intent_rank,5.012755,4.4,0.612755,36,4,36,4
fertility_diagnosis,category_entropy,2.348087,2.598666,-0.250579,36,4,36,4
fertility_diagnosis,distinct_category_count,6.388889,6.75,-0.361111,36,4,36,4
fertility_diagnosis,evidence_depth_full_text_frac,1.0,1.0,0.0,36,4,36,4
fertility_diagnosis,n_observations,100.0,100.0,0.0,36,4,11,3
fertility_diagnosis,cv_metric,0.260685,0.0,0.260685,36,4,9,2
fertility_diagnosis,bootstrap_sign_stability,0.565765,0.5,0.065765,36,4,9,2
fertility_diagnosis,paper_diagnostic_coverage,1.0,0.666667,0.333333,36,4,1,1
fertility_diagnosis,condition_number,,,,36,4,0,0
fertility_diagnosis,rubric_score,0.076794,0.143542,-0.066748,36,4,31,3
fertility_diagnosis,implementation_coverage_score,0.40914,0.614286,-0.205146,36,4,31,3
fertility_diagnosis,assumption_check_recall,0.155914,0.555556,-0.399642,36,4,31,3
fertility_diagnosis,output_contract_recall,0.0,0.0,0.0,36,4,31,3
fertility_diagnosis,validation_coverage_score,0.680914,0.816667,-0.135753,36,4,31,3
fertility_diagnosis,emittable,0.0,0.0,0.0,36,4,36,4
fertility_diagnosis,emitted,0.0,0.0,0.0,36,4,36,4
fertility_diagnosis,gate_score_hypothesis,1.0,1.0,0.0,36,4,31,3
fertility_diagnosis,gate_score_estimand,1.0,1.0,0.0,36,4,31,3
fertility_diagnosis,gate_score_data_applicability,0.354839,1.0,-0.645161,36,4,31,3
fertility_diagnosis,gate_score_multiplicity,1.0,1.0,0.0,36,4,31,3
fertility_diagnosis,gate_score_execution,0.612903,1.0,-0.387097,36,4,31,3
fertility_diagnosis,gate_score_paper_fidelity,0.217742,0.5,-0.282258,36,4,31,3
fertility_diagnosis,gate_score_assumption_admissibility,0.0,0.0,0.0,36,4,31,3
fertility_diagnosis,gate_score_robustness,0.623656,0.666667,-0.043011,36,4,31,3
fertility_diagnosis,gate_score_data_method_structural_fit,1.0,1.0,0.0,36,4,31,3
fertility_diagnosis,gate_score_internal_coherence,1.0,1.0,0.0,36,4,31,3
fertility_diagnosis,n_assumptions_declared,2.677419,3.0,-0.322581,36,4,31,3
fertility_diagnosis,assumption_all_held_frac,0.064516,0.333333,-0.268817,36,4,31,3
fertility_diagnosis,assumption_zero_held_frac,0.741935,0.333333,0.408602,36,4,31,3
fertility_diagnosis,n_output_contract_items_declared,7.096774,5.666667,1.430107,36,4,31,3
fertility_diagnosis,output_contract_all_held_frac,0.0,0.0,0.0,36,4,31,3
fertility_diagnosis,output_contract_zero_held_frac,1.0,1.0,0.0,36,4,31,3
haberman_survival,reward,0.177269,0.326498,-0.149229,36,4,36,4
haberman_survival,implementation_score,0.127124,0.3125,-0.185376,36,4,36,4
haberman_survival,data_score,0.164856,0.349625,-0.184769,36,4,36,4
haberman_survival,validation_credit,0.460648,0.485417,-0.024769,36,4,36,4
haberman_survival,abstention_bonus,0.011111,0.0,0.011111,36,4,36,4
haberman_survival,action_cost_penalty,0.084444,0.075,0.009444,36,4,36,4
haberman_survival,n_actions,8.444444,7.5,0.944444,36,4,36,4
haberman_survival,retrieval_bm25_score,34.898242,27.168351,7.729891,36,4,36,4
haberman_survival,retrieval_rrf_score,0.015369,0.015475,-0.000106,36,4,36,4
haberman_survival,retrieval_best_intent_rank,5.221265,4.771428,0.449837,36,4,36,4
haberman_survival,category_entropy,2.415456,2.907092,-0.491636,36,4,36,4
haberman_survival,distinct_category_count,6.712963,9.0,-2.287037,36,4,36,4
haberman_survival,evidence_depth_full_text_frac,1.0,1.0,0.0,36,4,36,4
haberman_survival,n_observations,306.0,306.0,0.0,36,4,21,2
haberman_survival,cv_metric,0.390391,0.0,0.390391,36,4,17,2
haberman_survival,bootstrap_sign_stability,0.225253,0.995,-0.769747,36,4,17,2
haberman_survival,paper_diagnostic_coverage,,1.0,,36,4,0,2
haberman_survival,condition_number,,,,36,4,0,0
haberman_survival,rubric_score,0.147628,0.416667,-0.269039,36,4,31,3
haberman_survival,implementation_coverage_score,0.686022,1.0,-0.313978,36,4,31,3
haberman_survival,assumption_check_recall,0.301075,0.333333,-0.032258,36,4,31,3
haberman_survival,output_contract_recall,0.0,0.0,0.0,36,4,31,3
haberman_survival,validation_coverage_score,0.750269,0.822222,-0.071953,36,4,31,3
haberman_survival,emittable,0.0,0.0,0.0,36,4,36,4
haberman_survival,emitted,0.0,0.0,0.0,36,4,36,4
haberman_survival,gate_score_hypothesis,1.0,1.0,0.0,36,4,31,3
haberman_survival,gate_score_estimand,1.0,1.0,0.0,36,4,31,3
haberman_survival,gate_score_data_applicability,0.677419,0.666667,0.010752,36,4,31,3
haberman_survival,gate_score_multiplicity,1.0,1.0,0.0,36,4,31,3
haberman_survival,gate_score_execution,0.774194,1.0,-0.225806,36,4,31,3
haberman_survival,gate_score_paper_fidelity,0.395161,0.666667,-0.271506,36,4,31,3
haberman_survival,gate_score_assumption_admissibility,0.0,0.0,0.0,36,4,31,3
haberman_survival,gate_score_robustness,0.655914,0.888889,-0.232975,36,4,31,3
haberman_survival,gate_score_data_method_structural_fit,1.0,1.0,0.0,36,4,31,3
haberman_survival,gate_score_internal_coherence,1.0,1.0,0.0,36,4,31,3
haberman_survival,n_assumptions_declared,2.548387,2.0,0.548387,36,4,31,3
haberman_survival,assumption_all_held_frac,0.064516,0.333333,-0.268817,36,4,31,3
haberman_survival,assumption_zero_held_frac,0.516129,0.666667,-0.150538,36,4,31,3
haberman_survival,n_output_contract_items_declared,5.645161,3.333333,2.311828,36,4,31,3
haberman_survival,output_contract_all_held_frac,0.0,0.0,0.0,36,4,31,3
haberman_survival,output_contract_zero_held_frac,1.0,1.0,0.0,36,4,31,3
heart_disease_cleveland,reward,0.145433,0.221885,-0.076452,36,4,36,4
heart_disease_cleveland,implementation_score,0.132433,0.169792,-0.037359,36,4,36,4
heart_disease_cleveland,data_score,0.081278,0.197592,-0.116314,36,4,36,4
heart_disease_cleveland,validation_credit,0.483565,0.49375,-0.010185,36,4,36,4
heart_disease_cleveland,abstention_bonus,0.0125,0.0125,0.0,36,4,36,4
heart_disease_cleveland,action_cost_penalty,0.081111,0.0675,0.013611,36,4,36,4
heart_disease_cleveland,n_actions,8.111111,6.75,1.361111,36,4,36,4
heart_disease_cleveland,retrieval_bm25_score,42.540468,28.665426,13.875042,36,4,36,4
heart_disease_cleveland,retrieval_rrf_score,0.015407,0.015785,-0.000378,36,4,36,4
heart_disease_cleveland,retrieval_best_intent_rank,5.065919,3.4,1.665919,36,4,36,4
heart_disease_cleveland,category_entropy,2.658328,2.910217,-0.251889,36,4,36,4
heart_disease_cleveland,distinct_category_count,7.472222,9.0,-1.527778,36,4,36,4
heart_disease_cleveland,evidence_depth_full_text_frac,1.0,1.0,0.0,36,4,36,4
heart_disease_cleveland,n_observations,303.0,303.0,0.0,36,4,22,3
heart_disease_cleveland,cv_metric,0.109595,0.388902,-0.279307,36,4,17,2
heart_disease_cleveland,bootstrap_sign_stability,0.186407,0.014055,0.172352,36,4,17,2
heart_disease_cleveland,paper_diagnostic_coverage,1.0,1.0,0.0,36,4,2,1
heart_disease_cleveland,condition_number,,,,36,4,0,0
heart_disease_cleveland,rubric_score,0.140223,0.226389,-0.086166,36,4,34,3
heart_disease_cleveland,implementation_coverage_score,0.781682,0.916667,-0.134985,36,4,34,3
heart_disease_cleveland,assumption_check_recall,0.156863,0.5,-0.343137,36,4,34,3
heart_disease_cleveland,output_contract_recall,0.0,0.0,0.0,36,4,34,3
heart_disease_cleveland,validation_coverage_score,0.767892,0.858333,-0.090441,36,4,34,3
heart_disease_cleveland,emittable,0.0,0.0,0.0,36,4,36,4
heart_disease_cleveland,emitted,0.0,0.0,0.0,36,4,36,4
heart_disease_cleveland,gate_score_hypothesis,1.0,1.0,0.0,36,4,34,3
heart_disease_cleveland,gate_score_estimand,1.0,1.0,0.0,36,4,34,3
heart_disease_cleveland,gate_score_data_applicability,0.647059,1.0,-0.352941,36,4,34,3
heart_disease_cleveland,gate_score_multiplicity,1.0,1.0,0.0,36,4,34,3
heart_disease_cleveland,gate_score_execution,0.882353,1.0,-0.117647,36,4,34,3
heart_disease_cleveland,gate_score_paper_fidelity,0.404412,0.583333,-0.178921,36,4,34,3
heart_disease_cleveland,gate_score_assumption_admissibility,0.0,0.0,0.0,36,4,34,3
heart_disease_cleveland,gate_score_robustness,0.745098,1.0,-0.254902,36,4,34,3
heart_disease_cleveland,gate_score_data_method_structural_fit,1.0,1.0,0.0,36,4,34,3
heart_disease_cleveland,gate_score_internal_coherence,1.0,1.0,0.0,36,4,34,3
heart_disease_cleveland,n_assumptions_declared,2.205882,2.333333,-0.127451,36,4,34,3
heart_disease_cleveland,assumption_all_held_frac,0.117647,0.333333,-0.215686,36,4,34,3
heart_disease_cleveland,assumption_zero_held_frac,0.794118,0.333333,0.460785,36,4,34,3
heart_disease_cleveland,n_output_contract_items_declared,3.294118,4.333333,-1.039215,36,4,34,3
heart_disease_cleveland,output_contract_all_held_frac,0.0,0.0,0.0,36,4,34,3
heart_disease_cleveland,output_contract_zero_held_frac,1.0,1.0,0.0,36,4,34,3
heart_public_regression,reward,0.138337,0.197143,-0.058806,36,4,36,4
heart_public_regression,implementation_score,0.102892,0.107813,-0.004921,36,4,36,4
heart_public_regression,data_score,0.082765,0.210203,-0.127438,36,4,36,4
heart_public_regression,validation_credit,0.446212,0.464583,-0.018371,36,4,36,4
heart_public_regression,abstention_bonus,0.0125,0.0,0.0125,36,4,36,4
heart_public_regression,action_cost_penalty,0.077778,0.0675,0.010278,36,4,36,4
heart_public_regression,n_actions,7.777778,6.75,1.027778,36,4,36,4
heart_public_regression,retrieval_bm25_score,46.101025,31.311363,14.789662,36,4,36,4
heart_public_regression,retrieval_rrf_score,0.015384,0.015742,-0.000358,36,4,36,4
heart_public_regression,retrieval_best_intent_rank,5.167929,3.6,1.567929,36,4,36,4
heart_public_regression,category_entropy,2.595724,2.5255,0.070224,36,4,36,4
heart_public_regression,distinct_category_count,7.180556,7.25,-0.069444,36,4,36,4
heart_public_regression,evidence_depth_full_text_frac,1.0,1.0,0.0,36,4,36,4
heart_public_regression,n_observations,303.0,303.0,0.0,36,4,17,2
heart_public_regression,cv_metric,0.062641,0.0,0.062641,36,4,15,2
heart_public_regression,bootstrap_sign_stability,0.22705,0.671833,-0.444783,36,4,15,2
heart_public_regression,paper_diagnostic_coverage,0.75,1.0,-0.25,36,4,4,1
heart_public_regression,condition_number,,,,36,4,0,0
heart_public_regression,rubric_score,0.108945,0.14375,-0.034805,36,4,34,3
heart_public_regression,implementation_coverage_score,0.62029,1.0,-0.37971,36,4,34,3
heart_public_regression,assumption_check_recall,0.196078,0.333333,-0.137255,36,4,34,3
heart_public_regression,output_contract_recall,0.058824,0.0,0.058824,36,4,34,3
heart_public_regression,validation_coverage_score,0.731283,0.794444,-0.063161,36,4,34,3
heart_public_regression,emittable,0.027778,0.0,0.027778,36,4,36,4
heart_public_regression,emitted,0.0,0.0,0.0,36,4,36,4
heart_public_regression,gate_score_hypothesis,1.0,1.0,0.0,36,4,34,3
heart_public_regression,gate_score_estimand,1.0,1.0,0.0,36,4,34,3
heart_public_regression,gate_score_data_applicability,0.5,0.666667,-0.166667,36,4,34,3
heart_public_regression,gate_score_multiplicity,1.0,1.0,0.0,36,4,34,3
heart_public_regression,gate_score_execution,0.705882,1.0,-0.294118,36,4,34,3
heart_public_regression,gate_score_paper_fidelity,0.35205,0.5,-0.14795,36,4,34,3
heart_public_regression,gate_score_assumption_admissibility,0.04902,0.0,0.04902,36,4,34,3
heart_public_regression,gate_score_robustness,0.705882,0.777778,-0.071896,36,4,34,3
heart_public_regression,gate_score_data_method_structural_fit,1.0,1.0,0.0,36,4,34,3
heart_public_regression,gate_score_internal_coherence,1.0,1.0,0.0,36,4,34,3
heart_public_regression,n_assumptions_declared,2.323529,2.333333,-0.009804,36,4,34,3
heart_public_regression,assumption_all_held_frac,0.117647,0.0,0.117647,36,4,34,3
heart_public_regression,assumption_zero_held_frac,0.705882,0.333333,0.372549,36,4,34,3
heart_public_regression,n_output_contract_items_declared,4.0,5.333333,-1.333333,36,4,34,3
heart_public_regression,output_contract_all_held_frac,0.058824,0.0,0.058824,36,4,34,3
heart_public_regression,output_contract_zero_held_frac,0.941176,1.0,-0.058824,36,4,34,3
indian_liver_patient,reward,0.144762,0.269482,-0.12472,36,4,36,4
indian_liver_patient,implementation_score,0.084038,0.107701,-0.023663,36,4,36,4
indian_liver_patient,data_score,0.140977,0.369872,-0.228895,36,4,36,4
indian_liver_patient,validation_credit,0.384954,0.510417,-0.125463,36,4,36,4
indian_liver_patient,abstention_bonus,0.006944,0.0,0.006944,36,4,36,4
indian_liver_patient,action_cost_penalty,0.074722,0.07,0.004722,36,4,36,4
indian_liver_patient,n_actions,7.472222,7.0,0.472222,36,4,36,4
indian_liver_patient,retrieval_bm25_score,37.256974,39.563279,-2.306305,36,4,36,4
indian_liver_patient,retrieval_rrf_score,0.015468,0.015614,-0.000146,36,4,36,4
indian_liver_patient,retrieval_best_intent_rank,4.80205,4.2,0.60205,36,4,36,4
indian_liver_patient,category_entropy,2.541361,2.285922,0.255439,36,4,36,4
indian_liver_patient,distinct_category_count,6.884259,6.25,0.634259,36,4,36,4
indian_liver_patient,evidence_depth_full_text_frac,1.0,1.0,0.0,36,4,36,4
indian_liver_patient,n_observations,583.0,583.0,0.0,36,4,14,2
indian_liver_patient,cv_metric,0.408498,0.382478,0.02602,36,4,13,2
indian_liver_patient,bootstrap_sign_stability,0.285645,0.5,-0.214355,36,4,13,2
indian_liver_patient,paper_diagnostic_coverage,0.5,1.0,-0.5,36,4,2,2
indian_liver_patient,condition_number,,,,36,4,0,0
indian_liver_patient,rubric_score,0.091678,0.107701,-0.016023,36,4,33,4
indian_liver_patient,implementation_coverage_score,0.573906,0.95,-0.376094,36,4,33,4
indian_liver_patient,assumption_check_recall,0.085859,0.375,-0.289141,36,4,33,4
indian_liver_patient,output_contract_recall,0.0,0.0,0.0,36,4,33,4
indian_liver_patient,validation_coverage_score,0.703385,0.772917,-0.069532,36,4,32,4
indian_liver_patient,emittable,0.0,0.0,0.0,36,4,36,4
indian_liver_patient,emitted,0.0,0.0,0.0,36,4,36,4
indian_liver_patient,gate_score_hypothesis,1.0,1.0,0.0,36,4,32,4
indian_liver_patient,gate_score_estimand,1.0,1.0,0.0,36,4,32,4
indian_liver_patient,gate_score_data_applicability,0.4375,0.5,-0.0625,36,4,32,4
indian_liver_patient,gate_score_multiplicity,1.0,1.0,0.0,36,4,32,4
indian_liver_patient,gate_score_execution,0.65625,1.0,-0.34375,36,4,32,4
indian_liver_patient,gate_score_paper_fidelity,0.304688,0.3125,-0.007812,36,4,32,4
indian_liver_patient,gate_score_assumption_admissibility,0.0,0.0,0.0,36,4,32,4
indian_liver_patient,gate_score_robustness,0.635417,0.916667,-0.28125,36,4,32,4
indian_liver_patient,gate_score_data_method_structural_fit,1.0,1.0,0.0,36,4,32,4
indian_liver_patient,gate_score_internal_coherence,1.0,1.0,0.0,36,4,32,4
indian_liver_patient,n_assumptions_declared,2.454545,2.25,0.204545,36,4,33,4
indian_liver_patient,assumption_all_held_frac,0.030303,0.25,-0.219697,36,4,33,4
indian_liver_patient,assumption_zero_held_frac,0.818182,0.5,0.318182,36,4,33,4
indian_liver_patient,n_output_contract_items_declared,4.757576,4.75,0.007576,36,4,33,4
indian_liver_patient,output_contract_all_held_frac,0.0,0.0,0.0,36,4,33,4
indian_liver_patient,output_contract_zero_held_frac,1.0,1.0,0.0,36,4,33,4
parkinsons_telemonitoring,reward,0.237228,0.242323,-0.005095,36,4,36,4
parkinsons_telemonitoring,implementation_score,0.117078,0.120313,-0.003235,36,4,36,4
parkinsons_telemonitoring,data_score,0.29471,0.261761,0.032949,36,4,36,4
parkinsons_telemonitoring,validation_credit,0.481018,0.53125,-0.050232,36,4,36,4
parkinsons_telemonitoring,abstention_bonus,0.005556,0.0125,-0.006944,36,4,36,4
parkinsons_telemonitoring,action_cost_penalty,0.0825,0.07,0.0125,36,4,36,4
parkinsons_telemonitoring,n_actions,8.25,7.0,1.25,36,4,36,4
parkinsons_telemonitoring,retrieval_bm25_score,38.155416,27.130102,11.025314,36,4,36,4
parkinsons_telemonitoring,retrieval_rrf_score,0.015314,0.015768,-0.000454,36,4,36,4
parkinsons_telemonitoring,retrieval_best_intent_rank,5.470496,3.5,1.970496,36,4,36,4
parkinsons_telemonitoring,category_entropy,2.759754,3.156056,-0.396302,36,4,36,4
parkinsons_telemonitoring,distinct_category_count,7.958333,10.0,-2.041667,36,4,36,4
parkinsons_telemonitoring,evidence_depth_full_text_frac,0.998148,1.0,-0.001852,36,4,36,4
parkinsons_telemonitoring,n_observations,5261.0,5875.0,-614.0,36,4,19,2
parkinsons_telemonitoring,cv_metric,0.496778,0.471714,0.025064,36,4,18,2
parkinsons_telemonitoring,bootstrap_sign_stability,0.531856,0.616714,-0.084858,36,4,18,2
parkinsons_telemonitoring,paper_diagnostic_coverage,1.0,1.0,0.0,36,4,5,1
parkinsons_telemonitoring,condition_number,,,,36,4,0,0
parkinsons_telemonitoring,rubric_score,0.127721,0.120313,0.007408,36,4,33,4
parkinsons_telemonitoring,implementation_coverage_score,0.642929,0.75,-0.107071,36,4,33,4
parkinsons_telemonitoring,assumption_check_recall,0.252525,0.25,0.002525,36,4,33,4
parkinsons_telemonitoring,output_contract_recall,0.0,0.0,0.0,36,4,33,4
parkinsons_telemonitoring,validation_coverage_score,0.727778,0.79375,-0.065972,36,4,33,4
parkinsons_telemonitoring,emittable,0.0,0.0,0.0,36,4,36,4
parkinsons_telemonitoring,emitted,0.0,0.0,0.0,36,4,36,4
parkinsons_telemonitoring,gate_score_hypothesis,1.0,1.0,0.0,36,4,33,4
parkinsons_telemonitoring,gate_score_estimand,1.0,1.0,0.0,36,4,33,4
parkinsons_telemonitoring,gate_score_data_applicability,0.575758,0.5,0.075758,36,4,33,4
parkinsons_telemonitoring,gate_score_multiplicity,1.0,1.0,0.0,36,4,33,4
parkinsons_telemonitoring,gate_score_execution,0.69697,1.0,-0.30303,36,4,33,4
parkinsons_telemonitoring,gate_score_paper_fidelity,0.378788,0.4375,-0.058712,36,4,33,4
parkinsons_telemonitoring,gate_score_assumption_admissibility,0.0,0.0,0.0,36,4,33,4
parkinsons_telemonitoring,gate_score_robustness,0.626263,1.0,-0.373737,36,4,33,4
parkinsons_telemonitoring,gate_score_data_method_structural_fit,1.0,1.0,0.0,36,4,33,4
parkinsons_telemonitoring,gate_score_internal_coherence,1.0,1.0,0.0,36,4,33,4
parkinsons_telemonitoring,n_assumptions_declared,2.333333,2.75,-0.416667,36,4,33,4
parkinsons_telemonitoring,assumption_all_held_frac,0.212121,0.25,-0.037879,36,4,33,4
parkinsons_telemonitoring,assumption_zero_held_frac,0.69697,0.75,-0.05303,36,4,33,4
parkinsons_telemonitoring,n_output_contract_items_declared,4.727273,4.5,0.227273,36,4,33,4
parkinsons_telemonitoring,output_contract_all_held_frac,0.0,0.0,0.0,36,4,33,4
parkinsons_telemonitoring,output_contract_zero_held_frac,1.0,1.0,0.0,36,4,33,4
parkinsons_voice,reward,0.260705,0.133958,0.126747,36,4,36,4
parkinsons_voice,implementation_score,0.137641,0.125,0.012641,36,4,36,4
parkinsons_voice,data_score,0.30056,0.1375,0.16306,36,4,36,4
parkinsons_voice,validation_credit,0.526852,0.322916,0.203936,36,4,36,4
parkinsons_voice,abstention_bonus,0.006944,0.0,0.006944,36,4,36,4
parkinsons_voice,action_cost_penalty,0.069722,0.07,-0.000278,36,4,36,4
parkinsons_voice,n_actions,6.972222,7.0,-0.027778,36,4,36,4
parkinsons_voice,retrieval_bm25_score,40.842814,28.434004,12.40881,36,4,36,4
parkinsons_voice,retrieval_rrf_score,0.015562,0.015533,2.9e-05,36,4,36,4
parkinsons_voice,retrieval_best_intent_rank,4.37037,4.5,-0.12963,36,4,36,4
parkinsons_voice,category_entropy,2.540461,2.776895,-0.236434,36,4,36,4
parkinsons_voice,distinct_category_count,7.0,8.0,-1.0,36,4,36,4
parkinsons_voice,evidence_depth_full_text_frac,1.0,1.0,0.0,36,4,36,4
parkinsons_voice,n_observations,195.0,195.0,0.0,36,4,22,1
parkinsons_voice,cv_metric,0.518187,0.0,0.518187,36,4,20,1
parkinsons_voice,bootstrap_sign_stability,0.441808,0.0,0.441808,36,4,20,1
parkinsons_voice,paper_diagnostic_coverage,0.666667,1.0,-0.333333,36,4,3,1
parkinsons_voice,condition_number,,,,36,4,0,0
parkinsons_voice,rubric_score,0.150154,0.125,0.025154,36,4,33,4
parkinsons_voice,implementation_coverage_score,0.764815,0.5,0.264815,36,4,33,4
parkinsons_voice,assumption_check_recall,0.434343,0.0,0.434343,36,4,33,4
parkinsons_voice,output_contract_recall,0.090909,0.0,0.090909,36,4,33,4
parkinsons_voice,validation_coverage_score,0.770833,0.666667,0.104166,36,4,32,4
parkinsons_voice,emittable,0.0,0.0,0.0,36,4,36,4
parkinsons_voice,emitted,0.0,0.0,0.0,36,4,36,4
parkinsons_voice,gate_score_hypothesis,1.0,1.0,0.0,36,4,32,4
parkinsons_voice,gate_score_estimand,1.0,1.0,0.0,36,4,32,4
parkinsons_voice,gate_score_data_applicability,0.6875,0.25,0.4375,36,4,32,4
parkinsons_voice,gate_score_multiplicity,1.0,1.0,0.0,36,4,32,4
parkinsons_voice,gate_score_execution,0.84375,0.75,0.09375,36,4,32,4
parkinsons_voice,gate_score_paper_fidelity,0.4375,0.25,0.1875,36,4,32,4
parkinsons_voice,gate_score_assumption_admissibility,0.052083,0.0,0.052083,36,4,32,4
parkinsons_voice,gate_score_robustness,0.6875,0.416666,0.270834,36,4,32,4
parkinsons_voice,gate_score_data_method_structural_fit,1.0,1.0,0.0,36,4,32,4
parkinsons_voice,gate_score_internal_coherence,1.0,1.0,0.0,36,4,32,4
parkinsons_voice,n_assumptions_declared,2.575758,2.5,0.075758,36,4,33,4
parkinsons_voice,assumption_all_held_frac,0.30303,0.0,0.30303,36,4,33,4
parkinsons_voice,assumption_zero_held_frac,0.454545,1.0,-0.545455,36,4,33,4
parkinsons_voice,n_output_contract_items_declared,6.212121,5.5,0.712121,36,4,33,4
parkinsons_voice,output_contract_all_held_frac,0.090909,0.0,0.090909,36,4,33,4
parkinsons_voice,output_contract_zero_held_frac,0.909091,1.0,-0.090909,36,4,33,4
pima_indians_diabetes,reward,0.13031,0.254107,-0.123797,32,4,32,4
pima_indians_diabetes,implementation_score,0.086868,0.267188,-0.18032,32,4,32,4
pima_indians_diabetes,data_score,0.124036,0.248594,-0.124558,32,4,32,4
pima_indians_diabetes,validation_credit,0.384635,0.539583,-0.154948,32,4,32,4
pima_indians_diabetes,abstention_bonus,0.004688,0.0,0.004688,32,4,32,4
pima_indians_diabetes,action_cost_penalty,0.084063,0.0775,0.006563,32,4,32,4
pima_indians_diabetes,n_actions,8.40625,7.75,0.65625,32,4,32,4
pima_indians_diabetes,retrieval_bm25_score,31.689072,25.424896,6.264176,32,4,32,4
pima_indians_diabetes,retrieval_rrf_score,0.01531,0.015332,-2.2e-05,32,4,32,4
pima_indians_diabetes,retrieval_best_intent_rank,5.468115,5.407143,0.060972,32,4,32,4
pima_indians_diabetes,category_entropy,2.400379,3.059893,-0.659514,32,4,32,4
pima_indians_diabetes,distinct_category_count,6.744792,9.75,-3.005208,32,4,32,4
pima_indians_diabetes,evidence_depth_full_text_frac,1.0,1.0,0.0,32,4,32,4
pima_indians_diabetes,n_observations,768.0,768.0,0.0,32,4,13,3
pima_indians_diabetes,cv_metric,0.267983,0.147189,0.120794,32,4,11,2
pima_indians_diabetes,bootstrap_sign_stability,0.239377,0.647189,-0.407812,32,4,11,2
pima_indians_diabetes,paper_diagnostic_coverage,1.0,1.0,0.0,32,4,2,1
pima_indians_diabetes,condition_number,,1.0,,32,4,0,1
pima_indians_diabetes,rubric_score,0.095855,0.267188,-0.171333,32,4,29,4
pima_indians_diabetes,implementation_coverage_score,0.462069,0.9375,-0.475431,32,4,29,4
pima_indians_diabetes,assumption_check_recall,0.172414,0.375,-0.202586,32,4,29,4
pima_indians_diabetes,output_contract_recall,0.0,0.25,-0.25,32,4,29,4
pima_indians_diabetes,validation_coverage_score,0.722701,0.820833,-0.098132,32,4,29,4
pima_indians_diabetes,emittable,0.0,0.0,0.0,32,4,32,4
pima_indians_diabetes,emitted,0.0,0.0,0.0,32,4,32,4
pima_indians_diabetes,gate_score_hypothesis,1.0,1.0,0.0,32,4,29,4
pima_indians_diabetes,gate_score_estimand,1.0,1.0,0.0,32,4,29,4
pima_indians_diabetes,gate_score_data_applicability,0.448276,0.75,-0.301724,32,4,29,4
pima_indians_diabetes,gate_score_multiplicity,1.0,1.0,0.0,32,4,29,4
pima_indians_diabetes,gate_score_execution,0.758621,1.0,-0.241379,32,4,29,4
pima_indians_diabetes,gate_score_paper_fidelity,0.284483,0.375,-0.090517,32,4,29,4
pima_indians_diabetes,gate_score_assumption_admissibility,0.0,0.25,-0.25,32,4,29,4
pima_indians_diabetes,gate_score_robustness,0.735632,0.833333,-0.097701,32,4,29,4
pima_indians_diabetes,gate_score_data_method_structural_fit,1.0,1.0,0.0,32,4,29,4
pima_indians_diabetes,gate_score_internal_coherence,1.0,1.0,0.0,32,4,29,4
pima_indians_diabetes,n_assumptions_declared,2.62069,2.0,0.62069,32,4,29,4
pima_indians_diabetes,assumption_all_held_frac,0.068966,0.25,-0.181034,32,4,29,4
pima_indians_diabetes,assumption_zero_held_frac,0.758621,0.5,0.258621,32,4,29,4
pima_indians_diabetes,n_output_contract_items_declared,5.965517,4.75,1.215517,32,4,29,4
pima_indians_diabetes,output_contract_all_held_frac,0.0,0.25,-0.25,32,4,29,4
pima_indians_diabetes,output_contract_zero_held_frac,1.0,0.75,0.25,32,4,29,4
wine_quality_red,reward,0.164018,0.303565,-0.139547,32,4,32,4
wine_quality_red,implementation_score,0.130684,0.173437,-0.042753,32,4,32,4
wine_quality_red,data_score,0.092213,0.405493,-0.31328,32,4,32,4
wine_quality_red,validation_credit,0.504853,0.527083,-0.02223,32,4,32,4
wine_quality_red,abstention_bonus,0.015625,0.0,0.015625,32,4,32,4
wine_quality_red,action_cost_penalty,0.076563,0.07,0.006563,32,4,32,4
wine_quality_red,n_actions,7.65625,7.0,0.65625,32,4,32,4
wine_quality_red,retrieval_bm25_score,37.448885,24.395501,13.053384,32,4,32,4
wine_quality_red,retrieval_rrf_score,0.015476,0.015557,-8.1e-05,32,4,32,4
wine_quality_red,retrieval_best_intent_rank,4.773958,4.45,0.323958,32,4,32,4
wine_quality_red,category_entropy,2.633237,3.242529,-0.609292,32,4,32,4
wine_quality_red,distinct_category_count,7.25,11.0,-3.75,32,4,32,4
wine_quality_red,evidence_depth_full_text_frac,1.0,1.0,0.0,32,4,32,4
wine_quality_red,n_observations,1599.0,1599.0,0.0,32,4,19,3
wine_quality_red,cv_metric,0.059938,0.65711,-0.597172,32,4,17,2
wine_quality_red,bootstrap_sign_stability,0.444404,0.425685,0.018719,32,4,17,2
wine_quality_red,paper_diagnostic_coverage,0.5,1.0,-0.5,32,4,2,2
wine_quality_red,condition_number,240.133466,,,32,4,1,0
wine_quality_red,rubric_score,0.134899,0.173437,-0.038538,32,4,31,4
wine_quality_red,implementation_coverage_score,0.701711,0.6875,0.014211,32,4,31,4
wine_quality_red,assumption_check_recall,0.182796,0.125,0.057796,32,4,31,4
wine_quality_red,output_contract_recall,0.0,0.0,0.0,32,4,31,4
wine_quality_red,validation_coverage_score,0.751907,0.777083,-0.025176,32,4,29,4
wine_quality_red,emittable,0.0,0.0,0.0,32,4,32,4
wine_quality_red,emitted,0.0,0.0,0.0,32,4,32,4
wine_quality_red,gate_score_hypothesis,1.0,1.0,0.0,32,4,29,4
wine_quality_red,gate_score_estimand,1.0,1.0,0.0,32,4,29,4
wine_quality_red,gate_score_data_applicability,0.655172,0.75,-0.094828,32,4,29,4
wine_quality_red,gate_score_multiplicity,1.0,1.0,0.0,32,4,29,4
wine_quality_red,gate_score_execution,0.827586,0.75,0.077586,32,4,29,4
wine_quality_red,gate_score_paper_fidelity,0.43861,0.4375,0.00111,32,4,29,4
wine_quality_red,gate_score_assumption_admissibility,0.0,0.0,0.0,32,4,29,4
wine_quality_red,gate_score_robustness,0.597701,0.833333,-0.235632,32,4,29,4
wine_quality_red,gate_score_data_method_structural_fit,1.0,1.0,0.0,32,4,29,4
wine_quality_red,gate_score_internal_coherence,1.0,1.0,0.0,32,4,29,4
wine_quality_red,n_assumptions_declared,2.193548,2.0,0.193548,32,4,31,4
wine_quality_red,assumption_all_held_frac,0.129032,0.0,0.129032,32,4,31,4
wine_quality_red,assumption_zero_held_frac,0.774194,0.75,0.024194,32,4,31,4
wine_quality_red,n_output_contract_items_declared,4.419355,4.25,0.169355,32,4,31,4
wine_quality_red,output_contract_all_held_frac,0.0,0.0,0.0,32,4,31,4
wine_quality_red,output_contract_zero_held_frac,1.0,1.0,0.0,32,4,31,4
wine_quality_white,reward,0.104115,0.167427,-0.063312,32,4,31,4
wine_quality_white,implementation_score,0.079586,0.101146,-0.02156,32,4,31,4
wine_quality_white,data_score,0.094607,0.1375,-0.042893,32,4,31,4
wine_quality_white,validation_credit,0.330645,0.420833,-0.090188,32,4,31,4
wine_quality_white,abstention_bonus,0.004839,0.0125,-0.007661,32,4,31,4
wine_quality_white,action_cost_penalty,0.086452,0.0725,0.013952,32,4,31,4
wine_quality_white,n_actions,8.645161,7.25,1.395161,32,4,31,4
wine_quality_white,retrieval_bm25_score,35.500989,28.099483,7.401506,32,4,32,4
wine_quality_white,retrieval_rrf_score,0.015302,0.015447,-0.000145,32,4,32,4
wine_quality_white,retrieval_best_intent_rank,5.535302,4.883333,0.651969,32,4,32,4
wine_quality_white,category_entropy,2.63744,2.883287,-0.245847,32,4,32,4
wine_quality_white,distinct_category_count,7.375,8.75,-1.375,32,4,32,4
wine_quality_white,evidence_depth_full_text_frac,1.0,1.0,0.0,32,4,32,4
wine_quality_white,n_observations,4898.0,4898.0,0.0,32,4,12,2
wine_quality_white,cv_metric,0.077985,0.0,0.077985,32,4,9,2
wine_quality_white,bootstrap_sign_stability,0.233278,0.0,0.233278,32,4,9,2
wine_quality_white,paper_diagnostic_coverage,1.0,1.0,0.0,32,4,4,1
wine_quality_white,condition_number,,,,32,4,0,0
wine_quality_white,rubric_score,0.094891,0.202292,-0.107401,32,4,26,2
wine_quality_white,implementation_coverage_score,0.546193,0.9,-0.353807,32,4,26,2
wine_quality_white,assumption_check_recall,0.198718,0.333334,-0.134616,32,4,26,2
wine_quality_white,output_contract_recall,0.038462,0.0,0.038462,32,4,26,2
wine_quality_white,validation_coverage_score,0.714,0.841666,-0.127666,32,4,25,2
wine_quality_white,emittable,0.03125,0.0,0.03125,32,4,32,4
wine_quality_white,emitted,0.0,0.0,0.0,32,4,32,4
wine_quality_white,gate_score_hypothesis,1.0,1.0,0.0,32,4,25,2
wine_quality_white,gate_score_estimand,1.0,1.0,0.0,32,4,25,2
wine_quality_white,gate_score_data_applicability,0.48,1.0,-0.52,32,4,25,2
wine_quality_white,gate_score_multiplicity,1.0,1.0,0.0,32,4,25,2
wine_quality_white,gate_score_execution,0.76,1.0,-0.24,32,4,25,2
wine_quality_white,gate_score_paper_fidelity,0.26,0.75,-0.49,32,4,25,2
wine_quality_white,gate_score_assumption_admissibility,0.04,0.0,0.04,32,4,25,2
wine_quality_white,gate_score_robustness,0.6,0.666667,-0.066667,32,4,25,2
wine_quality_white,gate_score_data_method_structural_fit,1.0,1.0,0.0,32,4,25,2
wine_quality_white,gate_score_internal_coherence,1.0,1.0,0.0,32,4,25,2
wine_quality_white,n_assumptions_declared,2.346154,3.0,-0.653846,32,4,26,2
wine_quality_white,assumption_all_held_frac,0.115385,0.0,0.115385,32,4,26,2
wine_quality_white,assumption_zero_held_frac,0.692308,0.5,0.192308,32,4,26,2
wine_quality_white,n_output_contract_items_declared,4.230769,4.0,0.230769,32,4,26,2
wine_quality_white,output_contract_all_held_frac,0.038462,0.0,0.038462,32,4,26,2
wine_quality_white,output_contract_zero_held_frac,0.961538,1.0,-0.038462,32,4,26,2
